"No.","Time","Source","Destination","Protocol","Length","Info"
"1","03:34:40.619432766","fe80::ae84:c6ff:fe4e:7874","ff02::1","ICMPv6","86","Router Advertisement from ac:84:c6:4e:78:74"
"2","03:34:40.620950443","fe80::ae84:c6ff:fe4e:7874","ff02::1","ICMPv6","86","Router Advertisement from ac:84:c6:4e:78:74"
"3","03:34:40.622277696","fe80::ae84:c6ff:fe4e:7874","ff02::1","ICMPv6","86","Router Advertisement from ac:84:c6:4e:78:74"
"4","03:34:48.299777883","fe80::ae84:c6ff:fe4e:7874","ff02::1","ICMPv6","86","Router Advertisement from ac:84:c6:4e:78:74"
"5","03:34:48.301065710","fe80::ae84:c6ff:fe4e:7874","ff02::1","ICMPv6","86","Router Advertisement from ac:84:c6:4e:78:74"
"6","03:34:48.302191073","fe80::ae84:c6ff:fe4e:7874","ff02::1","ICMPv6","86","Router Advertisement from ac:84:c6:4e:78:74"
"7","03:34:57.003578818","fe80::ae84:c6ff:fe4e:7874","ff02::1","ICMPv6","86","Router Advertisement from ac:84:c6:4e:78:74"
"8","03:34:57.004857329","fe80::ae84:c6ff:fe4e:7874","ff02::1","ICMPv6","86","Router Advertisement from ac:84:c6:4e:78:74"
"9","03:34:57.006086159","fe80::ae84:c6ff:fe4e:7874","ff02::1","ICMPv6","86","Router Advertisement from ac:84:c6:4e:78:74"
"10","03:35:04.069475592","fe80::ae84:c6ff:fe4e:7874","ff02::1","ICMPv6","86","Router Advertisement from ac:84:c6:4e:78:74"
"11","03:35:04.070553638","fe80::ae84:c6ff:fe4e:7874","ff02::1","ICMPv6","86","Router Advertisement from ac:84:c6:4e:78:74"
"12","03:35:04.071780579","fe80::ae84:c6ff:fe4e:7874","ff02::1","ICMPv6","86","Router Advertisement from ac:84:c6:4e:78:74"
"13","03:35:10.008437663","fe80::ae84:c6ff:fe4e:7874","ff02::1","ICMPv6","86","Router Advertisement from ac:84:c6:4e:78:74"
"14","03:35:10.009537773","fe80::ae84:c6ff:fe4e:7874","ff02::1","ICMPv6","86","Router Advertisement from ac:84:c6:4e:78:74"
"15","03:35:10.011036470","fe80::ae84:c6ff:fe4e:7874","ff02::1","ICMPv6","86","Router Advertisement from ac:84:c6:4e:78:74"
"16","03:35:12.366761695","192.168.1.1","239.255.255.250","SSDP","459","NOTIFY * HTTP/1.1 "
"17","03:35:12.371259427","192.168.1.1","239.255.255.250","SSDP","468","NOTIFY * HTTP/1.1 "
"18","03:35:12.376177831","192.168.1.1","239.255.255.250","SSDP","531","NOTIFY * HTTP/1.1 "
"19","03:35:12.380707705","192.168.1.1","239.255.255.250","SSDP","523","NOTIFY * HTTP/1.1 "
"20","03:35:12.385260059","192.168.1.1","239.255.255.250","SSDP","468","NOTIFY * HTTP/1.1 "
"21","03:35:12.389746988","192.168.1.1","239.255.255.250","SSDP","507","NOTIFY * HTTP/1.1 "
"22","03:35:12.394615845","192.168.1.1","239.255.255.250","SSDP","539","NOTIFY * HTTP/1.1 "
"23","03:35:12.399025738","192.168.1.1","239.255.255.250","SSDP","468","NOTIFY * HTTP/1.1 "
"24","03:35:12.474369865","192.168.1.1","239.255.255.250","SSDP","521","NOTIFY * HTTP/1.1 "
"25","03:35:12.571512514","192.168.1.1","239.255.255.250","SSDP","459","NOTIFY * HTTP/1.1 "
"26","03:35:12.576000522","192.168.1.1","239.255.255.250","SSDP","468","NOTIFY * HTTP/1.1 "
"27","03:35:12.580936355","192.168.1.1","239.255.255.250","SSDP","531","NOTIFY * HTTP/1.1 "
"28","03:35:12.585718179","192.168.1.1","239.255.255.250","SSDP","523","NOTIFY * HTTP/1.1 "
"29","03:35:12.590030972","192.168.1.1","239.255.255.250","SSDP","468","NOTIFY * HTTP/1.1 "
"30","03:35:12.594732792","192.168.1.1","239.255.255.250","SSDP","507","NOTIFY * HTTP/1.1 "
"31","03:35:12.599862308","192.168.1.1","239.255.255.250","SSDP","539","NOTIFY * HTTP/1.1 "
"32","03:35:12.674285725","192.168.1.1","239.255.255.250","SSDP","527","NOTIFY * HTTP/1.1 "
"33","03:35:12.679115963","192.168.1.1","239.255.255.250","SSDP","521","NOTIFY * HTTP/1.1 "
"34","03:35:17.688682116","fe80::ae84:c6ff:fe4e:7874","ff02::1","ICMPv6","86","Router Advertisement from ac:84:c6:4e:78:74"
"35","03:35:17.689866850","fe80::ae84:c6ff:fe4e:7874","ff02::1","ICMPv6","86","Router Advertisement from ac:84:c6:4e:78:74"
"36","03:35:17.690978195","fe80::ae84:c6ff:fe4e:7874","ff02::1","ICMPv6","86","Router Advertisement from ac:84:c6:4e:78:74"
"37","03:35:21.272239401","fe80::ae84:c6ff:fe4e:7874","ff02::1","ICMPv6","86","Router Advertisement from ac:84:c6:4e:78:74"
"38","03:35:21.273668633","fe80::ae84:c6ff:fe4e:7874","ff02::1","ICMPv6","86","Router Advertisement from ac:84:c6:4e:78:74"
"39","03:35:21.274985312","fe80::ae84:c6ff:fe4e:7874","ff02::1","ICMPv6","86","Router Advertisement from ac:84:c6:4e:78:74"
"40","03:35:25.368271354","fe80::ae84:c6ff:fe4e:7874","ff02::1","ICMPv6","86","Router Advertisement from ac:84:c6:4e:78:74"
"41","03:35:25.369494889","fe80::ae84:c6ff:fe4e:7874","ff02::1","ICMPv6","86","Router Advertisement from ac:84:c6:4e:78:74"
"42","03:35:25.370853723","fe80::ae84:c6ff:fe4e:7874","ff02::1","ICMPv6","86","Router Advertisement from ac:84:c6:4e:78:74"
"43","03:35:30.456037194","fe80::2860:e0ad:d860:d4d5","ff02::1:2","DHCPv6","126","Solicit XID: 0xece513 CID: 0004bd9e6aedb0d32beabc4c58fa0731f490 "
"44","03:35:30.470391860","fe80::ae84:c6ff:fe4e:7874","fe80::2860:e0ad:d860:d4d5","DHCPv6","133","Advertise XID: 0xece513 CID: 0004bd9e6aedb0d32beabc4c58fa0731f490 "
"45","03:35:32.433994723","fe80::ae84:c6ff:fe4e:7874","ff02::1","ICMPv6","86","Router Advertisement from ac:84:c6:4e:78:74"
"46","03:35:32.435319394","fe80::ae84:c6ff:fe4e:7874","ff02::1","ICMPv6","86","Router Advertisement from ac:84:c6:4e:78:74"
"47","03:35:32.436540895","fe80::ae84:c6ff:fe4e:7874","ff02::1","ICMPv6","86","Router Advertisement from ac:84:c6:4e:78:74"
"48","03:35:35.507158084","fe80::ae84:c6ff:fe4e:7874","fe80::2860:e0ad:d860:d4d5","ICMPv6","86","Neighbor Solicitation for fe80::2860:e0ad:d860:d4d5 from ac:84:c6:4e:78:74"
"49","03:35:35.507209271","fe80::2860:e0ad:d860:d4d5","fe80::ae84:c6ff:fe4e:7874","ICMPv6","78","Neighbor Advertisement fe80::2860:e0ad:d860:d4d5 (sol)"
"50","03:35:39.089852051","fe80::ae84:c6ff:fe4e:7874","ff02::1","ICMPv6","86","Router Advertisement from ac:84:c6:4e:78:74"
"51","03:35:39.091208483","fe80::ae84:c6ff:fe4e:7874","ff02::1","ICMPv6","86","Router Advertisement from ac:84:c6:4e:78:74"
"52","03:35:39.092390802","fe80::ae84:c6ff:fe4e:7874","ff02::1","ICMPv6","86","Router Advertisement from ac:84:c6:4e:78:74"
"53","03:35:40.669373598","fe80::2860:e0ad:d860:d4d5","fe80::ae84:c6ff:fe4e:7874","ICMPv6","86","Neighbor Solicitation for fe80::ae84:c6ff:fe4e:7874 from 98:22:ef:81:a3:7b"
"54","03:35:40.672690307","fe80::ae84:c6ff:fe4e:7874","fe80::2860:e0ad:d860:d4d5","ICMPv6","78","Neighbor Advertisement fe80::ae84:c6ff:fe4e:7874 (rtr, sol)"
"55","03:35:46.155340132","192.168.1.1","224.0.0.1","IGMPv3","50","Membership Query, general"
"56","03:35:47.897595163","fe80::ae84:c6ff:fe4e:7874","ff02::1","ICMPv6","86","Router Advertisement from ac:84:c6:4e:78:74"
"57","03:35:47.899752671","fe80::ae84:c6ff:fe4e:7874","ff02::1","ICMPv6","86","Router Advertisement from ac:84:c6:4e:78:74"
"58","03:35:59.672761985","fe80::ae84:c6ff:fe4e:7874","ff02::1","ICMPv6","86","Router Advertisement from ac:84:c6:4e:78:74"
"59","03:35:59.673918328","fe80::ae84:c6ff:fe4e:7874","ff02::1","ICMPv6","86","Router Advertisement from ac:84:c6:4e:78:74"
"60","03:35:59.675300684","fe80::ae84:c6ff:fe4e:7874","ff02::1","ICMPv6","86","Router Advertisement from ac:84:c6:4e:78:74"
"61","03:36:05.714237131","fe80::ae84:c6ff:fe4e:7874","ff02::1","ICMPv6","86","Router Advertisement from ac:84:c6:4e:78:74"
"62","03:36:05.715485759","fe80::ae84:c6ff:fe4e:7874","ff02::1","ICMPv6","86","Router Advertisement from ac:84:c6:4e:78:74"
"63","03:36:05.717025515","fe80::ae84:c6ff:fe4e:7874","ff02::1","ICMPv6","86","Router Advertisement from ac:84:c6:4e:78:74"
"64","03:36:06.504883059","192.168.1.103","192.168.1.1","DNS","79","Standard query 0x17f6 A pool.supportxmr.com"
"65","03:36:06.507251903","192.168.1.103","192.168.1.1","DNS","79","Standard query 0x1afc AAAA pool.supportxmr.com"
"66","03:36:06.539374306","192.168.1.1","192.168.1.103","DNS","149","Standard query response 0x17f6 A pool.supportxmr.com CNAME pool-at.supportxmr.com A 94.130.12.27 A 94.130.12.30 A 178.63.100.197"
"67","03:36:06.629233077","192.168.1.1","192.168.1.103","DNS","157","Standard query response 0x1afc AAAA pool.supportxmr.com CNAME pool-at.supportxmr.com SOA ns11.constellix.com"
"68","03:36:06.630941621","192.168.1.103","94.130.12.30","TCP","74","59498  >  443 [SYN] Seq=0 Win=64240 Len=0 MSS=1460 SACK_PERM=1 TSval=2453234360 TSecr=0 WS=128"
"69","03:36:06.840917845","94.130.12.30","192.168.1.103","TCP","74","443  >  59498 [SYN, ACK] Seq=0 Ack=1 Win=28960 Len=0 MSS=1404 SACK_PERM=1 TSval=860006957 TSecr=2453234360 WS=128"
"70","03:36:06.841027186","192.168.1.103","94.130.12.30","TCP","66","59498  >  443 [ACK] Seq=1 Ack=1 Win=64256 Len=0 TSval=2453234570 TSecr=860006957"
"71","03:36:06.870749106","192.168.1.103","94.130.12.30","TLSv1.2","359","Client Hello"
"72","03:36:07.046598929","94.130.12.30","192.168.1.103","TCP","66","443  >  59498 [ACK] Seq=1 Ack=294 Win=30080 Len=0 TSval=860007017 TSecr=2453234600"
"73","03:36:07.046599340","94.130.12.30","192.168.1.103","TLSv1.2","1401","Server Hello, Certificate, Server Key Exchange, Server Hello Done"
"74","03:36:07.046699771","192.168.1.103","94.130.12.30","TCP","66","59498  >  443 [ACK] Seq=294 Ack=1336 Win=64128 Len=0 TSval=2453234776 TSecr=860007017"
"75","03:36:07.063679368","192.168.1.103","94.130.12.30","TLSv1.2","192","Client Key Exchange, Change Cipher Spec, Encrypted Handshake Message"
"76","03:36:07.252125951","94.130.12.30","192.168.1.103","TLSv1.2","324","New Session Ticket, Change Cipher Spec, Encrypted Handshake Message"
"77","03:36:07.252198361","192.168.1.103","94.130.12.30","TCP","66","59498  >  443 [ACK] Seq=420 Ack=1594 Win=64128 Len=0 TSval=2453234982 TSecr=860007065"
"78","03:36:07.254280795","192.168.1.103","94.130.12.30","TLSv1.2","620","Application Data"
"79","03:36:07.456461325","94.130.12.30","192.168.1.103","TLSv1.2","586","Application Data"
"80","03:36:07.456565987","192.168.1.103","94.130.12.30","TCP","66","59498  >  443 [ACK] Seq=974 Ack=2114 Win=64128 Len=0 TSval=2453235186 TSecr=860007113"
"81","03:36:09.299053436","fe80::ae84:c6ff:fe4e:7874","ff02::1","ICMPv6","86","Router Advertisement from ac:84:c6:4e:78:74"
"82","03:36:09.301128064","fe80::ae84:c6ff:fe4e:7874","ff02::1","ICMPv6","86","Router Advertisement from ac:84:c6:4e:78:74"
"83","03:36:11.551748321","Tp-LinkT_4e:78:74","LiteonTe_81:a3:7b","ARP","42","Who has 192.168.1.103? Tell 192.168.1.1"
"84","03:36:11.551757230","LiteonTe_81:a3:7b","Tp-LinkT_4e:78:74","ARP","42","192.168.1.103 is at 98:22:ef:81:a3:7b"
"85","03:36:15.339423578","fe80::ae84:c6ff:fe4e:7874","ff02::1","ICMPv6","86","Router Advertisement from ac:84:c6:4e:78:74"
"86","03:36:15.340704274","fe80::ae84:c6ff:fe4e:7874","ff02::1","ICMPv6","86","Router Advertisement from ac:84:c6:4e:78:74"
"87","03:36:15.342003745","fe80::ae84:c6ff:fe4e:7874","ff02::1","ICMPv6","86","Router Advertisement from ac:84:c6:4e:78:74"
"88","03:36:19.947669595","fe80::ae84:c6ff:fe4e:7874","ff02::1","ICMPv6","86","Router Advertisement from ac:84:c6:4e:78:74"
"89","03:36:19.949010273","fe80::ae84:c6ff:fe4e:7874","ff02::1","ICMPv6","86","Router Advertisement from ac:84:c6:4e:78:74"
"90","03:36:19.950283036","fe80::ae84:c6ff:fe4e:7874","ff02::1","ICMPv6","86","Router Advertisement from ac:84:c6:4e:78:74"
"91","03:36:29.573170760","fe80::ae84:c6ff:fe4e:7874","ff02::1","ICMPv6","86","Router Advertisement from ac:84:c6:4e:78:74"
"92","03:36:29.574481289","fe80::ae84:c6ff:fe4e:7874","ff02::1","ICMPv6","86","Router Advertisement from ac:84:c6:4e:78:74"
"93","03:36:29.575725910","fe80::ae84:c6ff:fe4e:7874","ff02::1","ICMPv6","86","Router Advertisement from ac:84:c6:4e:78:74"
"94","03:36:34.795822663","fe80::ae84:c6ff:fe4e:7874","ff02::1","ICMPv6","86","Router Advertisement from ac:84:c6:4e:78:74"
"95","03:36:34.797129499","fe80::ae84:c6ff:fe4e:7874","ff02::1","ICMPv6","86","Router Advertisement from ac:84:c6:4e:78:74"
"96","03:36:34.798472515","fe80::ae84:c6ff:fe4e:7874","ff02::1","ICMPv6","86","Router Advertisement from ac:84:c6:4e:78:74"
"97","03:36:41.861177937","fe80::ae84:c6ff:fe4e:7874","ff02::1","ICMPv6","86","Router Advertisement from ac:84:c6:4e:78:74"
"98","03:36:41.862392182","fe80::ae84:c6ff:fe4e:7874","ff02::1","ICMPv6","86","Router Advertisement from ac:84:c6:4e:78:74"
"99","03:36:41.863645268","fe80::ae84:c6ff:fe4e:7874","ff02::1","ICMPv6","86","Router Advertisement from ac:84:c6:4e:78:74"
"100","03:36:46.366996665","fe80::ae84:c6ff:fe4e:7874","ff02::1","ICMPv6","86","Router Advertisement from ac:84:c6:4e:78:74"
"101","03:36:46.368241163","fe80::ae84:c6ff:fe4e:7874","ff02::1","ICMPv6","86","Router Advertisement from ac:84:c6:4e:78:74"
"102","03:36:46.369517518","fe80::ae84:c6ff:fe4e:7874","ff02::1","ICMPv6","86","Router Advertisement from ac:84:c6:4e:78:74"
"103","03:36:52.715762759","fe80::ae84:c6ff:fe4e:7874","ff02::1","ICMPv6","86","Router Advertisement from ac:84:c6:4e:78:74"
"104","03:36:52.717045173","fe80::ae84:c6ff:fe4e:7874","ff02::1","ICMPv6","86","Router Advertisement from ac:84:c6:4e:78:74"
"105","03:36:52.718389145","fe80::ae84:c6ff:fe4e:7874","ff02::1","ICMPv6","86","Router Advertisement from ac:84:c6:4e:78:74"
"106","03:36:59.371720125","fe80::ae84:c6ff:fe4e:7874","ff02::1","ICMPv6","86","Router Advertisement from ac:84:c6:4e:78:74"
"107","03:36:59.372970591","fe80::ae84:c6ff:fe4e:7874","ff02::1","ICMPv6","86","Router Advertisement from ac:84:c6:4e:78:74"
"108","03:36:59.374185274","fe80::ae84:c6ff:fe4e:7874","ff02::1","ICMPv6","86","Router Advertisement from ac:84:c6:4e:78:74"
"109","03:37:03.570022367","fe80::ae84:c6ff:fe4e:7874","ff02::1","ICMPv6","86","Router Advertisement from ac:84:c6:4e:78:74"
"110","03:37:03.571299880","fe80::ae84:c6ff:fe4e:7874","ff02::1","ICMPv6","86","Router Advertisement from ac:84:c6:4e:78:74"
"111","03:37:03.572761139","fe80::ae84:c6ff:fe4e:7874","ff02::1","ICMPv6","86","Router Advertisement from ac:84:c6:4e:78:74"
"112","03:37:07.885174343","192.168.1.103","94.130.12.30","TLSv1.2","197","Application Data"
"113","03:37:08.075935663","94.130.12.30","192.168.1.103","TLSv1.2","166","Application Data"
"114","03:37:08.075963272","192.168.1.103","94.130.12.30","TCP","66","59498  >  443 [ACK] Seq=1105 Ack=2214 Win=64128 Len=0 TSval=2453295805 TSecr=860022271"
"115","03:37:09.920081842","fe80::ae84:c6ff:fe4e:7874","ff02::1","ICMPv6","86","Router Advertisement from ac:84:c6:4e:78:74"
"116","03:37:12.383670589","192.168.1.1","239.255.255.250","SSDP","468","NOTIFY * HTTP/1.1 "
"117","03:37:12.389331096","192.168.1.1","239.255.255.250","SSDP","531","NOTIFY * HTTP/1.1 "
"118","03:37:12.394044467","192.168.1.1","239.255.255.250","SSDP","523","NOTIFY * HTTP/1.1 "
"119","03:37:12.398422042","192.168.1.1","239.255.255.250","SSDP","468","NOTIFY * HTTP/1.1 "
"120","03:37:12.403034462","192.168.1.1","239.255.255.250","SSDP","507","NOTIFY * HTTP/1.1 "
"121","03:37:12.407895896","192.168.1.1","239.255.255.250","SSDP","539","NOTIFY * HTTP/1.1 "
"122","03:37:12.412229080","192.168.1.1","239.255.255.250","SSDP","468","NOTIFY * HTTP/1.1 "
"123","03:37:12.482302688","192.168.1.1","239.255.255.250","SSDP","527","NOTIFY * HTTP/1.1 "
"124","03:37:12.487064873","192.168.1.1","239.255.255.250","SSDP","521","NOTIFY * HTTP/1.1 "
"125","03:37:12.492087871","192.168.1.1","239.255.255.250","SSDP","459","NOTIFY * HTTP/1.1 "
"126","03:37:12.501327808","192.168.1.1","239.255.255.250","SSDP","531","NOTIFY * HTTP/1.1 "
"127","03:37:12.506046638","192.168.1.1","239.255.255.250","SSDP","523","NOTIFY * HTTP/1.1 "
"128","03:37:12.510447034","192.168.1.1","239.255.255.250","SSDP","468","NOTIFY * HTTP/1.1 "
"129","03:37:12.515122735","192.168.1.1","239.255.255.250","SSDP","507","NOTIFY * HTTP/1.1 "
"130","03:37:12.589249271","192.168.1.1","239.255.255.250","SSDP","468","NOTIFY * HTTP/1.1 "
"131","03:37:12.594924573","192.168.1.1","239.255.255.250","SSDP","527","NOTIFY * HTTP/1.1 "
"132","03:37:12.599633343","192.168.1.1","239.255.255.250","SSDP","521","NOTIFY * HTTP/1.1 "
"133","03:37:13.017220560","Tp-LinkT_4e:78:74","LiteonTe_81:a3:7b","ARP","42","Who has 192.168.1.103? Tell 192.168.1.1"
"134","03:37:13.017230963","LiteonTe_81:a3:7b","Tp-LinkT_4e:78:74","ARP","42","192.168.1.103 is at 98:22:ef:81:a3:7b"
"135","03:37:13.089361702","LiteonTe_81:a3:7b","Tp-LinkT_4e:78:74","ARP","42","Who has 192.168.1.1? Tell 192.168.1.103"
"136","03:37:13.094273000","Tp-LinkT_4e:78:74","LiteonTe_81:a3:7b","ARP","42","192.168.1.1 is at ac:84:c6:4e:78:74"
"137","03:37:13.504109279","fe80::ae84:c6ff:fe4e:7874","ff02::1","ICMPv6","86","Router Advertisement from ac:84:c6:4e:78:74"
"138","03:37:13.506101028","fe80::ae84:c6ff:fe4e:7874","ff02::1","ICMPv6","86","Router Advertisement from ac:84:c6:4e:78:74"
"139","03:37:18.629391122","fe80::ae84:c6ff:fe4e:7874","ff02::1","ICMPv6","86","Router Advertisement from ac:84:c6:4e:78:74"
"140","03:37:18.630738139","fe80::ae84:c6ff:fe4e:7874","ff02::1","ICMPv6","86","Router Advertisement from ac:84:c6:4e:78:74"
"141","03:37:18.631987407","fe80::ae84:c6ff:fe4e:7874","ff02::1","ICMPv6","86","Router Advertisement from ac:84:c6:4e:78:74"
"142","03:37:24.254941636","fe80::ae84:c6ff:fe4e:7874","ff02::1","ICMPv6","86","Router Advertisement from ac:84:c6:4e:78:74"
"143","03:37:24.256171374","fe80::ae84:c6ff:fe4e:7874","ff02::1","ICMPv6","86","Router Advertisement from ac:84:c6:4e:78:74"
"144","03:37:24.257440284","fe80::ae84:c6ff:fe4e:7874","ff02::1","ICMPv6","86","Router Advertisement from ac:84:c6:4e:78:74"
"145","03:37:25.836003963","fe80::2860:e0ad:d860:d4d5","ff02::1:2","DHCPv6","126","Solicit XID: 0xece513 CID: 0004bd9e6aedb0d32beabc4c58fa0731f490 "
"146","03:37:25.839138377","fe80::ae84:c6ff:fe4e:7874","fe80::2860:e0ad:d860:d4d5","DHCPv6","133","Advertise XID: 0xece513 CID: 0004bd9e6aedb0d32beabc4c58fa0731f490 "
"147","03:37:29.579669578","fe80::ae84:c6ff:fe4e:7874","ff02::1","ICMPv6","86","Router Advertisement from ac:84:c6:4e:78:74"
"148","03:37:29.580944424","fe80::ae84:c6ff:fe4e:7874","ff02::1","ICMPv6","86","Router Advertisement from ac:84:c6:4e:78:74"
"149","03:37:29.582255446","fe80::ae84:c6ff:fe4e:7874","ff02::1","ICMPv6","86","Router Advertisement from ac:84:c6:4e:78:74"
"150","03:37:30.911167952","fe80::ae84:c6ff:fe4e:7874","fe80::2860:e0ad:d860:d4d5","ICMPv6","86","Neighbor Solicitation for fe80::2860:e0ad:d860:d4d5 from ac:84:c6:4e:78:74"
"151","03:37:30.911190650","fe80::2860:e0ad:d860:d4d5","fe80::ae84:c6ff:fe4e:7874","ICMPv6","78","Neighbor Advertisement fe80::2860:e0ad:d860:d4d5 (sol)"
"152","03:37:31.526709564","94.130.12.30","192.168.1.103","TLSv1.2","515","Application Data"
"153","03:37:31.526733968","192.168.1.103","94.130.12.30","TCP","66","59498  >  443 [ACK] Seq=1105 Ack=2663 Win=64128 Len=0 TSval=2453319256 TSecr=860028139"
"154","03:37:36.125397108","fe80::2860:e0ad:d860:d4d5","fe80::ae84:c6ff:fe4e:7874","ICMPv6","86","Neighbor Solicitation for fe80::ae84:c6ff:fe4e:7874 from 98:22:ef:81:a3:7b"
"155","03:37:36.129087117","fe80::ae84:c6ff:fe4e:7874","fe80::2860:e0ad:d860:d4d5","ICMPv6","78","Neighbor Advertisement fe80::ae84:c6ff:fe4e:7874 (rtr, sol)"
"156","03:37:38.946303360","fe80::ae84:c6ff:fe4e:7874","ff02::1","ICMPv6","86","Router Advertisement from ac:84:c6:4e:78:74"
"157","03:37:38.947583017","fe80::ae84:c6ff:fe4e:7874","ff02::1","ICMPv6","86","Router Advertisement from ac:84:c6:4e:78:74"
"158","03:37:38.948828681","fe80::ae84:c6ff:fe4e:7874","ff02::1","ICMPv6","86","Router Advertisement from ac:84:c6:4e:78:74"
"159","03:37:44.530186552","fe80::ae84:c6ff:fe4e:7874","ff02::1","ICMPv6","86","Router Advertisement from ac:84:c6:4e:78:74"
"160","03:37:44.531402443","fe80::ae84:c6ff:fe4e:7874","ff02::1","ICMPv6","86","Router Advertisement from ac:84:c6:4e:78:74"
"161","03:37:44.532656184","fe80::ae84:c6ff:fe4e:7874","ff02::1","ICMPv6","86","Router Advertisement from ac:84:c6:4e:78:74"
"162","03:37:48.626142758","fe80::ae84:c6ff:fe4e:7874","ff02::1","ICMPv6","86","Router Advertisement from ac:84:c6:4e:78:74"
"163","03:37:48.627393580","fe80::ae84:c6ff:fe4e:7874","ff02::1","ICMPv6","86","Router Advertisement from ac:84:c6:4e:78:74"
"164","03:37:48.628619936","fe80::ae84:c6ff:fe4e:7874","ff02::1","ICMPv6","86","Router Advertisement from ac:84:c6:4e:78:74"
"165","03:37:55.794246024","fe80::ae84:c6ff:fe4e:7874","ff02::1","ICMPv6","86","Router Advertisement from ac:84:c6:4e:78:74"
"166","03:37:55.795458421","fe80::ae84:c6ff:fe4e:7874","ff02::1","ICMPv6","86","Router Advertisement from ac:84:c6:4e:78:74"
"167","03:37:55.796770178","fe80::ae84:c6ff:fe4e:7874","ff02::1","ICMPv6","86","Router Advertisement from ac:84:c6:4e:78:74"
"168","03:38:00.197404743","fe80::ae84:c6ff:fe4e:7874","ff02::1","ICMPv6","86","Router Advertisement from ac:84:c6:4e:78:74"
"169","03:38:00.198776353","fe80::ae84:c6ff:fe4e:7874","ff02::1","ICMPv6","86","Router Advertisement from ac:84:c6:4e:78:74"
"170","03:38:00.200123482","fe80::ae84:c6ff:fe4e:7874","ff02::1","ICMPv6","86","Router Advertisement from ac:84:c6:4e:78:74"
"171","03:38:08.184704208","fe80::ae84:c6ff:fe4e:7874","ff02::1","ICMPv6","86","Router Advertisement from ac:84:c6:4e:78:74"
"172","03:38:08.185930144","fe80::ae84:c6ff:fe4e:7874","ff02::1","ICMPv6","86","Router Advertisement from ac:84:c6:4e:78:74"
"173","03:38:08.187181752","fe80::ae84:c6ff:fe4e:7874","ff02::1","ICMPv6","86","Router Advertisement from ac:84:c6:4e:78:74"
"174","03:38:11.360341651","fe80::ae84:c6ff:fe4e:7874","ff02::1","ICMPv6","86","Router Advertisement from ac:84:c6:4e:78:74"
"175","03:38:11.361774447","fe80::ae84:c6ff:fe4e:7874","ff02::1","ICMPv6","86","Router Advertisement from ac:84:c6:4e:78:74"
"176","03:38:11.825788613","192.168.1.103","94.130.12.30","TLSv1.2","328","Application Data"
"177","03:38:12.076106050","94.130.12.30","192.168.1.103","TLSv1.2","158","Application Data"
"178","03:38:12.076132613","192.168.1.103","94.130.12.30","TCP","66","59498  >  443 [ACK] Seq=1367 Ack=2755 Win=64128 Len=0 TSval=2453359805 TSecr=860038260"
"179","03:38:16.992025721","Tp-LinkT_4e:78:74","LiteonTe_81:a3:7b","ARP","42","Who has 192.168.1.103? Tell 192.168.1.1"
"180","03:38:16.992034849","LiteonTe_81:a3:7b","Tp-LinkT_4e:78:74","ARP","42","192.168.1.103 is at 98:22:ef:81:a3:7b"
"181","03:38:20.370168912","fe80::ae84:c6ff:fe4e:7874","ff02::1","ICMPv6","86","Router Advertisement from ac:84:c6:4e:78:74"
"182","03:38:20.371490236","fe80::ae84:c6ff:fe4e:7874","ff02::1","ICMPv6","86","Router Advertisement from ac:84:c6:4e:78:74"
"183","03:38:20.372651612","fe80::ae84:c6ff:fe4e:7874","ff02::1","ICMPv6","86","Router Advertisement from ac:84:c6:4e:78:74"
"184","03:38:28.971838493","fe80::ae84:c6ff:fe4e:7874","ff02::1","ICMPv6","86","Router Advertisement from ac:84:c6:4e:78:74"
"185","03:38:28.973059678","fe80::ae84:c6ff:fe4e:7874","ff02::1","ICMPv6","86","Router Advertisement from ac:84:c6:4e:78:74"
"186","03:38:28.974393941","fe80::ae84:c6ff:fe4e:7874","ff02::1","ICMPv6","86","Router Advertisement from ac:84:c6:4e:78:74"
"187","03:38:33.272574015","fe80::ae84:c6ff:fe4e:7874","ff02::1","ICMPv6","86","Router Advertisement from ac:84:c6:4e:78:74"
"188","03:38:33.273817485","fe80::ae84:c6ff:fe4e:7874","ff02::1","ICMPv6","86","Router Advertisement from ac:84:c6:4e:78:74"
"189","03:38:33.275067706","fe80::ae84:c6ff:fe4e:7874","ff02::1","ICMPv6","86","Router Advertisement from ac:84:c6:4e:78:74"
"190","03:38:39.314417358","fe80::ae84:c6ff:fe4e:7874","ff02::1","ICMPv6","86","Router Advertisement from ac:84:c6:4e:78:74"
"191","03:38:39.315732561","fe80::ae84:c6ff:fe4e:7874","ff02::1","ICMPv6","86","Router Advertisement from ac:84:c6:4e:78:74"
"192","03:38:39.316948162","fe80::ae84:c6ff:fe4e:7874","ff02::1","ICMPv6","86","Router Advertisement from ac:84:c6:4e:78:74"
"193","03:38:44.434417558","fe80::ae84:c6ff:fe4e:7874","ff02::1","ICMPv6","86","Router Advertisement from ac:84:c6:4e:78:74"
"194","03:38:44.435763935","fe80::ae84:c6ff:fe4e:7874","ff02::1","ICMPv6","86","Router Advertisement from ac:84:c6:4e:78:74"
"195","03:38:44.437042641","fe80::ae84:c6ff:fe4e:7874","ff02::1","ICMPv6","86","Router Advertisement from ac:84:c6:4e:78:74"
"196","03:38:46.585025744","94.130.12.30","192.168.1.103","TLSv1.2","515","Application Data"
"197","03:38:46.585049193","192.168.1.103","94.130.12.30","TCP","66","59498  >  443 [ACK] Seq=1367 Ack=3204 Win=64128 Len=0 TSval=2453394314 TSecr=860046908"
"198","03:38:47.608641227","fe80::ae84:c6ff:fe4e:7874","ff02::1","ICMPv6","86","Router Advertisement from ac:84:c6:4e:78:74"
"199","03:38:47.609957862","fe80::ae84:c6ff:fe4e:7874","ff02::1","ICMPv6","86","Router Advertisement from ac:84:c6:4e:78:74"
"200","03:38:47.611202896","fe80::ae84:c6ff:fe4e:7874","ff02::1","ICMPv6","86","Router Advertisement from ac:84:c6:4e:78:74"
"201","03:38:50.680684827","fe80::ae84:c6ff:fe4e:7874","ff02::1","ICMPv6","86","Router Advertisement from ac:84:c6:4e:78:74"
"202","03:38:50.683226391","fe80::ae84:c6ff:fe4e:7874","ff02::1","ICMPv6","86","Router Advertisement from ac:84:c6:4e:78:74"
"203","03:38:51.645392794","LiteonTe_81:a3:7b","Tp-LinkT_4e:78:74","ARP","42","Who has 192.168.1.1? Tell 192.168.1.103"
"204","03:38:51.651533963","Tp-LinkT_4e:78:74","LiteonTe_81:a3:7b","ARP","42","192.168.1.1 is at ac:84:c6:4e:78:74"
"205","03:38:57.541596875","fe80::ae84:c6ff:fe4e:7874","ff02::1","ICMPv6","86","Router Advertisement from ac:84:c6:4e:78:74"
"206","03:38:57.542880156","fe80::ae84:c6ff:fe4e:7874","ff02::1","ICMPv6","86","Router Advertisement from ac:84:c6:4e:78:74"
"207","03:38:57.544159980","fe80::ae84:c6ff:fe4e:7874","ff02::1","ICMPv6","86","Router Advertisement from ac:84:c6:4e:78:74"
"208","03:39:03.583204939","fe80::ae84:c6ff:fe4e:7874","ff02::1","ICMPv6","86","Router Advertisement from ac:84:c6:4e:78:74"
"209","03:39:03.584487724","fe80::ae84:c6ff:fe4e:7874","ff02::1","ICMPv6","86","Router Advertisement from ac:84:c6:4e:78:74"
"210","03:39:03.585805704","fe80::ae84:c6ff:fe4e:7874","ff02::1","ICMPv6","86","Router Advertisement from ac:84:c6:4e:78:74"
"211","03:39:07.373168065","fe80::ae84:c6ff:fe4e:7874","ff02::1","ICMPv6","86","Router Advertisement from ac:84:c6:4e:78:74"
"212","03:39:07.374413719","fe80::ae84:c6ff:fe4e:7874","ff02::1","ICMPv6","86","Router Advertisement from ac:84:c6:4e:78:74"
"213","03:39:12.392590514","192.168.1.1","239.255.255.250","SSDP","459","NOTIFY * HTTP/1.1 "
"214","03:39:12.396961027","192.168.1.1","239.255.255.250","SSDP","468","NOTIFY * HTTP/1.1 "
"215","03:39:12.401878693","192.168.1.1","239.255.255.250","SSDP","531","NOTIFY * HTTP/1.1 "
"216","03:39:12.406606445","192.168.1.1","239.255.255.250","SSDP","523","NOTIFY * HTTP/1.1 "
"217","03:39:12.410911671","192.168.1.1","239.255.255.250","SSDP","468","NOTIFY * HTTP/1.1 "
"218","03:39:12.415590017","192.168.1.1","239.255.255.250","SSDP","507","NOTIFY * HTTP/1.1 "
"219","03:39:12.420525914","192.168.1.1","239.255.255.250","SSDP","539","NOTIFY * HTTP/1.1 "
"220","03:39:12.424866494","192.168.1.1","239.255.255.250","SSDP","468","NOTIFY * HTTP/1.1 "
"221","03:39:12.495406352","192.168.1.1","239.255.255.250","SSDP","527","NOTIFY * HTTP/1.1 "
"222","03:39:12.500130537","192.168.1.1","239.255.255.250","SSDP","521","NOTIFY * HTTP/1.1 "
"223","03:39:12.504354574","192.168.1.1","239.255.255.250","SSDP","459","NOTIFY * HTTP/1.1 "
"224","03:39:12.508656403","192.168.1.1","239.255.255.250","SSDP","468","NOTIFY * HTTP/1.1 "
"225","03:39:12.513448512","192.168.1.1","239.255.255.250","SSDP","531","NOTIFY * HTTP/1.1 "
"226","03:39:12.518255781","192.168.1.1","239.255.255.250","SSDP","523","NOTIFY * HTTP/1.1 "
"227","03:39:12.522606266","192.168.1.1","239.255.255.250","SSDP","468","NOTIFY * HTTP/1.1 "
"228","03:39:12.527223258","192.168.1.1","239.255.255.250","SSDP","507","NOTIFY * HTTP/1.1 "
"229","03:39:12.597955845","192.168.1.1","239.255.255.250","SSDP","539","NOTIFY * HTTP/1.1 "
"230","03:39:12.602344240","192.168.1.1","239.255.255.250","SSDP","468","NOTIFY * HTTP/1.1 "
"231","03:39:12.608030812","192.168.1.1","239.255.255.250","SSDP","527","NOTIFY * HTTP/1.1 "
"232","03:39:12.612780180","192.168.1.1","239.255.255.250","SSDP","521","NOTIFY * HTTP/1.1 "
"233","03:39:17.304970240","fe80::ae84:c6ff:fe4e:7874","ff02::1","ICMPv6","86","Router Advertisement from ac:84:c6:4e:78:74"
"234","03:39:17.306261868","fe80::ae84:c6ff:fe4e:7874","ff02::1","ICMPv6","86","Router Advertisement from ac:84:c6:4e:78:74"
"235","03:39:17.307538165","fe80::ae84:c6ff:fe4e:7874","ff02::1","ICMPv6","86","Router Advertisement from ac:84:c6:4e:78:74"
"236","03:39:22.104829644","fe80::2860:e0ad:d860:d4d5","ff02::1:2","DHCPv6","126","Solicit XID: 0xece513 CID: 0004bd9e6aedb0d32beabc4c58fa0731f490 "
"237","03:39:22.111374712","fe80::ae84:c6ff:fe4e:7874","fe80::2860:e0ad:d860:d4d5","DHCPv6","133","Advertise XID: 0xece513 CID: 0004bd9e6aedb0d32beabc4c58fa0731f490 "
"238","03:39:24.882295077","fe80::ae84:c6ff:fe4e:7874","ff02::1","ICMPv6","86","Router Advertisement from ac:84:c6:4e:78:74"
"239","03:39:24.883511294","fe80::ae84:c6ff:fe4e:7874","ff02::1","ICMPv6","86","Router Advertisement from ac:84:c6:4e:78:74"
"240","03:39:24.884950067","fe80::ae84:c6ff:fe4e:7874","ff02::1","ICMPv6","86","Router Advertisement from ac:84:c6:4e:78:74"
"241","03:39:27.135379675","fe80::ae84:c6ff:fe4e:7874","fe80::2860:e0ad:d860:d4d5","ICMPv6","86","Neighbor Solicitation for fe80::2860:e0ad:d860:d4d5 from ac:84:c6:4e:78:74"
"242","03:39:27.135403091","fe80::2860:e0ad:d860:d4d5","fe80::ae84:c6ff:fe4e:7874","ICMPv6","78","Neighbor Advertisement fe80::2860:e0ad:d860:d4d5 (sol)"
"243","03:39:28.259254202","fe80::ae84:c6ff:fe4e:7874","ff02::1","ICMPv6","86","Router Advertisement from ac:84:c6:4e:78:74"
"244","03:39:28.262538038","fe80::ae84:c6ff:fe4e:7874","ff02::1","ICMPv6","86","Router Advertisement from ac:84:c6:4e:78:74"
"245","03:39:28.264177943","fe80::ae84:c6ff:fe4e:7874","ff02::1","ICMPv6","86","Router Advertisement from ac:84:c6:4e:78:74"
"246","03:39:32.349364060","fe80::2860:e0ad:d860:d4d5","fe80::ae84:c6ff:fe4e:7874","ICMPv6","86","Neighbor Solicitation for fe80::ae84:c6ff:fe4e:7874 from 98:22:ef:81:a3:7b"
"247","03:39:32.359711259","fe80::ae84:c6ff:fe4e:7874","fe80::2860:e0ad:d860:d4d5","ICMPv6","78","Neighbor Advertisement fe80::ae84:c6ff:fe4e:7874 (rtr, sol)"
"248","03:39:33.381413666","fe80::ae84:c6ff:fe4e:7874","ff02::1","ICMPv6","86","Router Advertisement from ac:84:c6:4e:78:74"
"249","03:39:33.382695248","fe80::ae84:c6ff:fe4e:7874","ff02::1","ICMPv6","86","Router Advertisement from ac:84:c6:4e:78:74"
"250","03:39:33.383981461","fe80::ae84:c6ff:fe4e:7874","ff02::1","ICMPv6","86","Router Advertisement from ac:84:c6:4e:78:74"
"251","03:39:38.091918302","fe80::ae84:c6ff:fe4e:7874","ff02::1","ICMPv6","86","Router Advertisement from ac:84:c6:4e:78:74"
"252","03:39:38.093375246","fe80::ae84:c6ff:fe4e:7874","ff02::1","ICMPv6","86","Router Advertisement from ac:84:c6:4e:78:74"
"253","03:39:38.094653670","fe80::ae84:c6ff:fe4e:7874","ff02::1","ICMPv6","86","Router Advertisement from ac:84:c6:4e:78:74"
"254","03:39:43.007277475","fe80::ae84:c6ff:fe4e:7874","ff02::1","ICMPv6","86","Router Advertisement from ac:84:c6:4e:78:74"
"255","03:39:43.008526929","fe80::ae84:c6ff:fe4e:7874","ff02::1","ICMPv6","86","Router Advertisement from ac:84:c6:4e:78:74"
"256","03:39:43.009807046","fe80::ae84:c6ff:fe4e:7874","ff02::1","ICMPv6","86","Router Advertisement from ac:84:c6:4e:78:74"
"257","03:39:46.693871091","94.130.12.30","192.168.1.103","TLSv1.2","515","Application Data"
"258","03:39:46.693889110","192.168.1.103","94.130.12.30","TCP","66","59498  >  443 [ACK] Seq=1367 Ack=3653 Win=64128 Len=0 TSval=2453454423 TSecr=860061934"
"259","03:39:51.164044367","192.168.1.103","94.130.12.30","TLSv1.2","328","Application Data"
"260","03:39:51.405206134","fe80::ae84:c6ff:fe4e:7874","ff02::1","ICMPv6","86","Router Advertisement from ac:84:c6:4e:78:74"
"261","03:39:51.407271878","fe80::ae84:c6ff:fe4e:7874","ff02::1","ICMPv6","86","Router Advertisement from ac:84:c6:4e:78:74"
"262","03:39:51.408449592","94.130.12.30","192.168.1.103","TLSv1.2","158","Application Data"
"263","03:39:51.408472075","192.168.1.103","94.130.12.30","TCP","66","59498  >  443 [ACK] Seq=1629 Ack=3745 Win=64128 Len=0 TSval=2453459138 TSecr=860063095"
"264","03:39:51.672318573","Tp-LinkT_4e:78:74","LiteonTe_81:a3:7b","ARP","42","Who has 192.168.1.103? Tell 192.168.1.1"
"265","03:39:51.672327959","LiteonTe_81:a3:7b","Tp-LinkT_4e:78:74","ARP","42","192.168.1.103 is at 98:22:ef:81:a3:7b"
"266","03:39:56.011538895","192.168.1.1","224.0.0.1","IGMPv3","50","Membership Query, general"
"267","03:39:59.698285561","fe80::ae84:c6ff:fe4e:7874","ff02::1","ICMPv6","86","Router Advertisement from ac:84:c6:4e:78:74"
"268","03:39:59.699614507","fe80::ae84:c6ff:fe4e:7874","ff02::1","ICMPv6","86","Router Advertisement from ac:84:c6:4e:78:74"
"269","03:39:59.700841927","fe80::ae84:c6ff:fe4e:7874","ff02::1","ICMPv6","86","Router Advertisement from ac:84:c6:4e:78:74"
"270","03:40:05.740105494","fe80::ae84:c6ff:fe4e:7874","ff02::1","ICMPv6","86","Router Advertisement from ac:84:c6:4e:78:74"
"271","03:40:05.741421242","fe80::ae84:c6ff:fe4e:7874","ff02::1","ICMPv6","86","Router Advertisement from ac:84:c6:4e:78:74"
"272","03:40:05.742675943","fe80::ae84:c6ff:fe4e:7874","ff02::1","ICMPv6","86","Router Advertisement from ac:84:c6:4e:78:74"
"273","03:40:10.552944718","fe80::ae84:c6ff:fe4e:7874","ff02::1","ICMPv6","86","Router Advertisement from ac:84:c6:4e:78:74"
"274","03:40:10.554284889","fe80::ae84:c6ff:fe4e:7874","ff02::1","ICMPv6","86","Router Advertisement from ac:84:c6:4e:78:74"
"275","03:40:10.555603110","fe80::ae84:c6ff:fe4e:7874","ff02::1","ICMPv6","86","Router Advertisement from ac:84:c6:4e:78:74"
"276","03:40:19.359139561","fe80::ae84:c6ff:fe4e:7874","ff02::1","ICMPv6","86","Router Advertisement from ac:84:c6:4e:78:74"
"277","03:40:19.360422096","fe80::ae84:c6ff:fe4e:7874","ff02::1","ICMPv6","86","Router Advertisement from ac:84:c6:4e:78:74"
"278","03:40:19.361668046","fe80::ae84:c6ff:fe4e:7874","ff02::1","ICMPv6","86","Router Advertisement from ac:84:c6:4e:78:74"
"279","03:40:27.552428676","fe80::ae84:c6ff:fe4e:7874","ff02::1","ICMPv6","86","Router Advertisement from ac:84:c6:4e:78:74"
"280","03:40:27.553865720","fe80::ae84:c6ff:fe4e:7874","ff02::1","ICMPv6","86","Router Advertisement from ac:84:c6:4e:78:74"
"281","03:40:34.924013435","fe80::ae84:c6ff:fe4e:7874","ff02::1","ICMPv6","86","Router Advertisement from ac:84:c6:4e:78:74"
"282","03:40:34.925230347","fe80::ae84:c6ff:fe4e:7874","ff02::1","ICMPv6","86","Router Advertisement from ac:84:c6:4e:78:74"
"283","03:40:34.926489779","fe80::ae84:c6ff:fe4e:7874","ff02::1","ICMPv6","86","Router Advertisement from ac:84:c6:4e:78:74"
"284","03:40:39.020002208","fe80::ae84:c6ff:fe4e:7874","ff02::1","ICMPv6","86","Router Advertisement from ac:84:c6:4e:78:74"
"285","03:40:39.021290365","fe80::ae84:c6ff:fe4e:7874","ff02::1","ICMPv6","86","Router Advertisement from ac:84:c6:4e:78:74"
"286","03:40:39.022627178","fe80::ae84:c6ff:fe4e:7874","ff02::1","ICMPv6","86","Router Advertisement from ac:84:c6:4e:78:74"
"287","03:40:46.701355298","fe80::ae84:c6ff:fe4e:7874","ff02::1","ICMPv6","86","Router Advertisement from ac:84:c6:4e:78:74"
"288","03:40:46.702560841","fe80::ae84:c6ff:fe4e:7874","ff02::1","ICMPv6","86","Router Advertisement from ac:84:c6:4e:78:74"
"289","03:40:46.804053384","94.130.12.30","192.168.1.103","TLSv1.2","515","Application Data"
"290","03:40:46.804077785","192.168.1.103","94.130.12.30","TCP","66","59498  >  443 [ACK] Seq=1629 Ack=4194 Win=64128 Len=0 TSval=2453514533 TSecr=860076960"
"291","03:40:47.826724655","94.130.12.30","192.168.1.103","TLSv1.2","515","Application Data"
"292","03:40:47.826742161","192.168.1.103","94.130.12.30","TCP","66","59498  >  443 [ACK] Seq=1629 Ack=4643 Win=64128 Len=0 TSval=2453515556 TSecr=860077203"
"293","03:40:51.772813626","Tp-LinkT_4e:78:74","LiteonTe_81:a3:7b","ARP","42","Who has 192.168.1.103? Tell 192.168.1.1"
"294","03:40:51.772823003","LiteonTe_81:a3:7b","Tp-LinkT_4e:78:74","ARP","42","192.168.1.103 is at 98:22:ef:81:a3:7b"
"295","03:40:51.965395647","LiteonTe_81:a3:7b","Tp-LinkT_4e:78:74","ARP","42","Who has 192.168.1.1? Tell 192.168.1.103"
"296","03:40:51.970723688","Tp-LinkT_4e:78:74","LiteonTe_81:a3:7b","ARP","42","192.168.1.1 is at ac:84:c6:4e:78:74"
"297","03:41:01.855238325","fe80::ae84:c6ff:fe4e:7874","ff02::1","ICMPv6","86","Router Advertisement from ac:84:c6:4e:78:74"
"298","03:41:01.856491448","fe80::ae84:c6ff:fe4e:7874","ff02::1","ICMPv6","86","Router Advertisement from ac:84:c6:4e:78:74"
"299","03:41:01.857738007","fe80::ae84:c6ff:fe4e:7874","ff02::1","ICMPv6","86","Router Advertisement from ac:84:c6:4e:78:74"
"300","03:41:06.667965860","fe80::ae84:c6ff:fe4e:7874","ff02::1","ICMPv6","86","Router Advertisement from ac:84:c6:4e:78:74"
"301","03:41:06.669231409","fe80::ae84:c6ff:fe4e:7874","ff02::1","ICMPv6","86","Router Advertisement from ac:84:c6:4e:78:74"
"302","03:41:06.670571357","fe80::ae84:c6ff:fe4e:7874","ff02::1","ICMPv6","86","Router Advertisement from ac:84:c6:4e:78:74"
"303","03:41:10.866586000","fe80::ae84:c6ff:fe4e:7874","ff02::1","ICMPv6","86","Router Advertisement from ac:84:c6:4e:78:74"
"304","03:41:10.867896005","fe80::ae84:c6ff:fe4e:7874","ff02::1","ICMPv6","86","Router Advertisement from ac:84:c6:4e:78:74"
"305","03:41:10.869146904","fe80::ae84:c6ff:fe4e:7874","ff02::1","ICMPv6","86","Router Advertisement from ac:84:c6:4e:78:74"
"306","03:41:12.307514118","192.168.1.1","239.255.255.250","SSDP","468","NOTIFY * HTTP/1.1 "
"307","03:41:12.312302948","192.168.1.1","239.255.255.250","SSDP","531","NOTIFY * HTTP/1.1 "
"308","03:41:12.317043267","192.168.1.1","239.255.255.250","SSDP","523","NOTIFY * HTTP/1.1 "
"309","03:41:12.321314623","192.168.1.1","239.255.255.250","SSDP","468","NOTIFY * HTTP/1.1 "
"310","03:41:12.325974249","192.168.1.1","239.255.255.250","SSDP","507","NOTIFY * HTTP/1.1 "
"311","03:41:12.330920031","192.168.1.1","239.255.255.250","SSDP","539","NOTIFY * HTTP/1.1 "
"312","03:41:12.335325145","192.168.1.1","239.255.255.250","SSDP","468","NOTIFY * HTTP/1.1 "
"313","03:41:12.507980878","192.168.1.1","239.255.255.250","SSDP","459","NOTIFY * HTTP/1.1 "
"314","03:41:12.512309369","192.168.1.1","239.255.255.250","SSDP","468","NOTIFY * HTTP/1.1 "
"315","03:41:12.517103612","192.168.1.1","239.255.255.250","SSDP","531","NOTIFY * HTTP/1.1 "
"316","03:41:12.521893276","192.168.1.1","239.255.255.250","SSDP","523","NOTIFY * HTTP/1.1 "
"317","03:41:12.526256955","192.168.1.1","239.255.255.250","SSDP","468","NOTIFY * HTTP/1.1 "
"318","03:41:12.530834766","192.168.1.1","239.255.255.250","SSDP","507","NOTIFY * HTTP/1.1 "
"319","03:41:12.535723309","192.168.1.1","239.255.255.250","SSDP","539","NOTIFY * HTTP/1.1 "
"320","03:41:12.540080906","192.168.1.1","239.255.255.250","SSDP","468","NOTIFY * HTTP/1.1 "
"321","03:41:12.610853568","192.168.1.1","239.255.255.250","SSDP","527","NOTIFY * HTTP/1.1 "
"322","03:41:12.615656537","192.168.1.1","239.255.255.250","SSDP","521","NOTIFY * HTTP/1.1 "
"323","03:41:14.143388979","fe80::ae84:c6ff:fe4e:7874","ff02::1","ICMPv6","86","Router Advertisement from ac:84:c6:4e:78:74"
"324","03:41:14.144759516","fe80::ae84:c6ff:fe4e:7874","ff02::1","ICMPv6","86","Router Advertisement from ac:84:c6:4e:78:74"
"325","03:41:14.146071730","fe80::ae84:c6ff:fe4e:7874","ff02::1","ICMPv6","86","Router Advertisement from ac:84:c6:4e:78:74"
"326","03:41:19.058418835","fe80::ae84:c6ff:fe4e:7874","ff02::1","ICMPv6","86","Router Advertisement from ac:84:c6:4e:78:74"
"327","03:41:19.059877984","fe80::ae84:c6ff:fe4e:7874","ff02::1","ICMPv6","86","Router Advertisement from ac:84:c6:4e:78:74"
"328","03:41:19.061089292","fe80::ae84:c6ff:fe4e:7874","ff02::1","ICMPv6","86","Router Advertisement from ac:84:c6:4e:78:74"
"329","03:41:19.231200032","fe80::2860:e0ad:d860:d4d5","ff02::1:2","DHCPv6","126","Solicit XID: 0xece513 CID: 0004bd9e6aedb0d32beabc4c58fa0731f490 "
"330","03:41:19.238243601","fe80::ae84:c6ff:fe4e:7874","fe80::2860:e0ad:d860:d4d5","DHCPv6","133","Advertise XID: 0xece513 CID: 0004bd9e6aedb0d32beabc4c58fa0731f490 "
"331","03:41:22.232872243","fe80::ae84:c6ff:fe4e:7874","ff02::1","ICMPv6","86","Router Advertisement from ac:84:c6:4e:78:74"
"332","03:41:22.234214462","fe80::ae84:c6ff:fe4e:7874","ff02::1","ICMPv6","86","Router Advertisement from ac:84:c6:4e:78:74"
"333","03:41:22.235556421","fe80::ae84:c6ff:fe4e:7874","ff02::1","ICMPv6","86","Router Advertisement from ac:84:c6:4e:78:74"
"334","03:41:24.283114359","fe80::ae84:c6ff:fe4e:7874","fe80::2860:e0ad:d860:d4d5","ICMPv6","86","Neighbor Solicitation for fe80::2860:e0ad:d860:d4d5 from ac:84:c6:4e:78:74"
"335","03:41:24.283154807","fe80::2860:e0ad:d860:d4d5","fe80::ae84:c6ff:fe4e:7874","ICMPv6","78","Neighbor Advertisement fe80::2860:e0ad:d860:d4d5 (sol)"
"336","03:41:29.341368858","fe80::2860:e0ad:d860:d4d5","fe80::ae84:c6ff:fe4e:7874","ICMPv6","86","Neighbor Solicitation for fe80::ae84:c6ff:fe4e:7874 from 98:22:ef:81:a3:7b"
"337","03:41:29.348062595","fe80::ae84:c6ff:fe4e:7874","fe80::2860:e0ad:d860:d4d5","ICMPv6","78","Neighbor Advertisement fe80::ae84:c6ff:fe4e:7874 (rtr, sol)"
"338","03:41:31.039314013","fe80::ae84:c6ff:fe4e:7874","ff02::1","ICMPv6","86","Router Advertisement from ac:84:c6:4e:78:74"
"339","03:41:31.040606478","fe80::ae84:c6ff:fe4e:7874","ff02::1","ICMPv6","86","Router Advertisement from ac:84:c6:4e:78:74"
"340","03:41:31.041841159","fe80::ae84:c6ff:fe4e:7874","ff02::1","ICMPv6","86","Router Advertisement from ac:84:c6:4e:78:74"
"341","03:41:37.286979974","fe80::ae84:c6ff:fe4e:7874","ff02::1","ICMPv6","86","Router Advertisement from ac:84:c6:4e:78:74"
"342","03:41:37.288225574","fe80::ae84:c6ff:fe4e:7874","ff02::1","ICMPv6","86","Router Advertisement from ac:84:c6:4e:78:74"
"343","03:41:43.532050208","fe80::ae84:c6ff:fe4e:7874","ff02::1","ICMPv6","86","Router Advertisement from ac:84:c6:4e:78:74"
"344","03:41:43.533302335","fe80::ae84:c6ff:fe4e:7874","ff02::1","ICMPv6","86","Router Advertisement from ac:84:c6:4e:78:74"
"345","03:41:43.534644548","fe80::ae84:c6ff:fe4e:7874","ff02::1","ICMPv6","86","Router Advertisement from ac:84:c6:4e:78:74"
"346","03:41:44.556412050","94.130.12.30","192.168.1.103","TLSv1.2","515","Application Data"
"347","03:41:44.556431987","192.168.1.103","94.130.12.30","TCP","66","59498  >  443 [ACK] Seq=1629 Ack=5092 Win=64128 Len=0 TSval=2453572286 TSecr=860091387"
"348","03:41:46.849462906","94.130.12.30","192.168.1.103","TLSv1.2","515","Application Data"
"349","03:41:46.849481808","192.168.1.103","94.130.12.30","TCP","66","59498  >  443 [ACK] Seq=1629 Ack=5541 Win=64128 Len=0 TSval=2453574579 TSecr=860091980"
"350","03:41:47.525583959","fe80::ae84:c6ff:fe4e:7874","ff02::1","ICMPv6","86","Router Advertisement from ac:84:c6:4e:78:74"
"351","03:41:47.526922217","fe80::ae84:c6ff:fe4e:7874","ff02::1","ICMPv6","86","Router Advertisement from ac:84:c6:4e:78:74"
"352","03:41:47.528106583","fe80::ae84:c6ff:fe4e:7874","ff02::1","ICMPv6","86","Router Advertisement from ac:84:c6:4e:78:74"
"353","03:41:49.483651530","Tp-LinkT_4e:78:74","LiteonTe_81:a3:7b","ARP","42","Who has 192.168.1.103? Tell 192.168.1.1"
"354","03:41:49.483661610","LiteonTe_81:a3:7b","Tp-LinkT_4e:78:74","ARP","42","192.168.1.103 is at 98:22:ef:81:a3:7b"
"355","03:41:49.565360474","LiteonTe_81:a3:7b","Tp-LinkT_4e:78:74","ARP","42","Who has 192.168.1.1? Tell 192.168.1.103"
"356","03:41:49.568704154","Tp-LinkT_4e:78:74","LiteonTe_81:a3:7b","ARP","42","192.168.1.1 is at ac:84:c6:4e:78:74"
"357","03:41:50.056617788","192.168.1.103","94.130.12.30","TLSv1.2","328","Application Data"
"358","03:41:50.194005835","94.130.12.30","192.168.1.103","TLSv1.2","158","Application Data"
"359","03:41:50.194031457","192.168.1.103","94.130.12.30","TCP","66","59498  >  443 [ACK] Seq=1891 Ack=5633 Win=64128 Len=0 TSval=2453577923 TSecr=860092817"
"360","03:41:53.875718660","fe80::ae84:c6ff:fe4e:7874","ff02::1","ICMPv6","86","Router Advertisement from ac:84:c6:4e:78:74"
"361","03:41:53.877746535","fe80::ae84:c6ff:fe4e:7874","ff02::1","ICMPv6","86","Router Advertisement from ac:84:c6:4e:78:74"
"362","03:42:00.223263161","fe80::ae84:c6ff:fe4e:7874","ff02::1","ICMPv6","86","Router Advertisement from ac:84:c6:4e:78:74"
"363","03:42:00.224511934","fe80::ae84:c6ff:fe4e:7874","ff02::1","ICMPv6","86","Router Advertisement from ac:84:c6:4e:78:74"
"364","03:42:00.225724010","fe80::ae84:c6ff:fe4e:7874","ff02::1","ICMPv6","86","Router Advertisement from ac:84:c6:4e:78:74"
"365","03:42:00.632555291","192.168.1.1","224.0.0.1","IGMPv3","50","Membership Query, general"
